smiles,HLM,MDR1-MDCKII,MLM,LogD,KSOL
COC1=CC=CC(Cl)=C1NC(=O)N1CCC[C@H](C(N)=O)C1 |a:16|,,2.0,,0.3,
O=C(NCC(F)F)[C@H](NC1=CC2=C(C=C1Br)CNC2)C1=CC(Cl)=CC(C2CC2)=C1 |&1:7|,,0.2,,2.9,333.0
O=C(NCC(F)F)[C@H](NC1=CC=C2CNCC2=C1)C1=CC(Br)=CC2=C1NC=N2 |&1:7|,,0.5,,0.4,
NC(=O)[C@H]1CCCN(C(=O)CC2=CC=CC3=C2C=CO3)C1 |&1:3|,,8.5,,1.0,376.0
CC1=CC(CC(=O)N2CCC[C@H](C(N)=O)C2)=CC=N1 |&1:11|,,0.9,,-0.3,375.0
O=C(NCC(F)F)[C@H](NC1=CN=C2CNCC2=C1)C1=CC(Cl)=CC(C2CC2)=C1 |&1:7|,,0.8,,1.5,362.0
COC1=CC(Cl)=CC([C@H](NC2=CC=C3CNCC3=C2)C(=O)NCC(F)F)=C1 |&1:8|,,0.7,,0.5,
CC1=CC([C@H](NC2=CC=C3CNCC3=C2)C(=O)NCC(F)F)=CC(C(F)(F)F)=C1 |&1:4|,,0.7,,1.0,
O=C(NCC(F)F)[C@H](NC1=CC=C2CNCC2=C1)C1=CC(Cl)=CC2=C1OC=C2 |&1:7|,,2.1,,0.6,187.0
CC(C)NC(=O)[C@H](NC1=CC=C2CNCC2=C1)C1=CC(Cl)=CC2=C1N=C(C1=CC=CC=C1)N2 |o1:6|,,0.2,11.0,2.8,134.0
CN(C1=CC=C2CNCC2=C1)[C@H](C(=O)NCC(F)F)C1=CC(Cl)=CC(C2CC2)=C1 |&1:11|,17.1,2.1,10.6,1.6,172.0
COCC1=CC(Cl)=CC([C@H](NC2=CC=C3CNCC3=C2)C(=O)NCC(F)F)=C1 |&1:9|,,1.7,,0.2,192.0
COC1=CC(C#N)=CC([C@H](NC2=CC=C3CNCC3=C2)C(=O)NCC(F)F)=C1 |&1:9|,,0.5,,-0.4,381.0
O=C(NCC(F)F)[C@H](NC1=CC=C2CNCC2=C1)C1=CC(Cl)=CC2=C1CCC2 |&1:7|,,0.9,,1.2,
N#CC1=CC=CC(C2=NC3=C(C(=O)NC4=CC=C5CNCC5=C4)C=C(F)C=C3N2)=C1,,0.0,22.0,2.0,3.0
O=C(NC1=CC=C2CNCC2=C1)C1=CC(F)=CC2=C1N=C(C1=CC=C(F)C=C1)N2,,0.1,36.8,2.9,6.0
O=C(NC1=CC2=C(CNC2)C(C2=CNC(=O)C(F)=C2)=C1)C1=CC(F)=CC2=C1C=NN2,,0.651,243.0,0.4,66.0
N#CC1=CC2=C(C=C1NC(=O)C1=CC(F)=CC3=C1C=NN3)CNC2,16.7,3.9,288.0,0.6,193.0
O=C(NC1=CC2=C(CNC2)C(C2=CCOCC2)=C1)C1=CC(F)=CC2=C1C=NN2,,1.1,152.0,0.9,157.0
CO[C@H]1C[C@H](N2N=CC3=C(C(=O)NC4=CC=C5CNCC5=C4)C=C(Cl)C=C32)C1,,1.6,,1.5,340.0
O=C(NC1=CC2=C(CNC2)C(C2=CCS(=O)(=O)CC2)=C1)C1=CC(F)=CC2=C1C=NN2,,1.3,96.9,-0.1,141.0
COC1=CC(C2=CC(NC(=O)C3=CC(F)=CC4=C3C=NN4)=CC3=C2CNC3)=CC=N1,,0.788,260.0,2.0,180.0
O=C(NC1=CC=C2CNCC2=C1)C1=CC(Cl)=CC2=C1C=NN2C1CCC1,,1.0,13.4,2.0,172.0
CC(C)N1C=C2C(C(=O)NC3=CC=C4CNCC4=C3)=CC(Cl)=CC2=N1,,3.4,,1.6,181.0
CCCCNC(=O)[C@H](NC1=CC=C2CNCC2=C1)C1=CC(Cl)=CC(C2CC2)=C1 |&1:7|,,0.7,,2.3,379.0
O=C(NC1=CC=C2CNCC2=C1)C1=CC(F)=CC(C2=CNN=C2)=C1,36.3,1.62,553.0,0.7,184.0
O=C(NC1=CC2=C(C=C1C1CC1)CNC2)C1=CC(F)=CC2=C1C=NN2,,3.41,86.8,0.7,189.0
CNC(=O)[C@H](NC1=CC=C2CNCC2=C1)C1=CC(Cl)=CC2=C1N=C(C1=CC=CC=C1)N2 |&1:4|,,1.02,,1.8,178.0
O=C(NCCCF)[C@H](NC1=CC=C2CNCC2=C1)C1=CC(Cl)=CC(C2CC2)=C1 |&1:7|,,0.7,,1.2,394.0
O=C(NCC(F)F)[C@H](NC1=CC=C2CNCC2=C1)C1=CC(Cl)=CC(C2CC2)=C1 |o1:7|,,1.3,,1.3,326.0
COCCNC(=O)[C@H](NC1=CC=C2CNCC2=C1)C1=CC(Cl)=CC(C2CC2)=C1 |o1:7|,19.7,1.4,11.7,1.0,320.0
O=C(NCC(F)F)[C@H](NC1=CC=C2CNCC2=C1)C1=CC(Cl)=CC(C2CC2)=C1 |o1:7|,,1.9,,1.4,139.0
O=C(NC1=CC(Br)=C2CNCC2=C1)C1=CC(F)=CC2=C1C=NN2,13.6,3.4,145.0,1.8,4.0
CC(C)NC(=O)[C@H](NC1=CC=C2CNCC2=C1)C1=CC(Cl)=CC2=C1N=C(C1=CC=CC=C1)N2 |&1:6|,23.2,0.432,,2.9,154.0
O=C1CC2=C(C=C(F)C=C2C(=O)NC2=CC=C3CNCC3=C2)N1,,2.9,,-0.2,368.0
C=CC[C@H]1NCC2=CC(NC(=O)C3=CC(F)=CC4=C3C=NN4)=CC=C21 |&1:3|,,3.86,,1.7,356.0
O=C(NC1=CC=C2CNCC2=C1)C1=CC(F)=CC2=C1CCC2,,10.7,37.4,1.2,187.0
CN1C=C2C(C(=O)NC3=CC=C4CNCC4=C3)=CC(F)=CC2=N1,,3.4,18.2,0.2,309.0
O=C(NC1=CC2=C(C=C1Br)CNC2)C1=CC(F)=CC2=C1C=NN2,11.4,7.65,299.0,1.1,47.0
O=C(NC1=CC=C2CNCC2=C1)C1=CC=CC2=C1C=C(C(F)(F)F)N2,14.1,4.1,12.7,1.5,372.0
O=C1CC2=CC(C(=O)NC3=CC=C4CNCC4=C3)=CC=C2N1,,0.873,,,136.0
CN1C(=O)NC2=C(C(=O)NC3=CC=C4CNCC4=C3)C=C(Br)C=C21,,0.805,12.5,0.5,161.0
O=C(NC1=CC=C2CNCC2=C1)C1=CC(Cl)=CC2=C1NN=C2,,4.63,54.0,1.2,184.0
CC1=C(C(=O)NC2=CC(C3=CC=CN=C3)=CC=N2)C=C(C2CC2)N1C,,13.5,388.0,,176.0
N#CCCNC(=O)[C@H](NC1=CC=C2CNCC2=C1)C1=CC(Cl)=CC(C2CC2)=C1 |&1:7|,,0.5,,0.6,374.0
CNC(=O)[C@H](NC1=CC=C2CNCC2=C1)C1=CC(Cl)=CC(C2CC2)=C1 |&1:4|,,1.5,,0.9,358.0
O=C(NC1=CC=C2CNCC2=C1)C1=CC(Cl)=CC2=CC=NC=C12,,3.42,24.5,0.6,181.0
CC1=C(C(=O)NC2=CC([C@H]3CCOC3)=CC=N2)C=C(C2CC2)N1C |&1:9|,57.7,27.2,,3.0,
O=C(NCC(F)F)[C@H](NC1=CC=C2CNCC2=C1)C1=CC(Cl)=CC(C2CC2)=C1 |&1:7|,,1.55,,1.6,367.0
O=C(NC1=CC=C2CNCC2=C1)C1=CC(F)=CC2=C1C=NN2,,1.59,180.0,,
"COC1=CC=CC=C1[C@@H]1C[C@H](C)CCN1C(=O)CC1=CN=CC2=CC=CC=C12 |&1:8,10|",,18.7,,,218.0
"O=C(CC1=CN=CC2=CC=CC=C12)N1[C@H]2CC[C@H]1C1=NC=CC=C12 |&1:14,&2:17|",,19.3,,,377.0
O=C(CC1=CN=CC2=CC=CC=C12)N1CC[C@@H](OC2=CC=C(F)C=C2)C1 |a:16|,,21.7,,,324.0
"C[C@H](F)[C@H]1CCCN1C(=O)CC1=CN=CC2=CC=CC=C12 |&1:1,&2:3|",,24.6,,,383.0
O=C(CC1=CN=CC2=CC=CC=C12)N1CC[C@H](C2=CC=CC(F)=C2)C1 |&1:16|,,22.3,,,360.0
CO[C@]1(C(F)(F)F)CCN(C(=O)CC2=CN=CC3=CC=CC=C23)C1 |&1:2|,,25.4,,,380.0
CC(C)C1=NC([C@H]2CCCN(C(=O)CC3=CN=CC4=CC=CC=C34)C2)=NO1 |&1:6|,,22.7,,,380.0
O=C(CC1=CN=CC2=CC=CC=C12)N1CCC(N2C(=O)NC3=CC=CC=C32)CC1,,4.78,,,371.0
N#CC1(C2=CC=CC=C2)CCN(C(=O)CC2=CN=CC3=CC=CC=C23)CC1,,25.4,,,14.0
O=C(CC1=CN=CC2=CC=CC=C12)N1CCC[C@]2(C=CC3=CC=CC=C3O2)C1 |&1:17|,,14.8,,,266.0
CN1C=C([C@H]2CCCN2C(=O)CC2=CN=CC3=CC=CC=C23)C(C(F)F)=N1 |&1:4|,,16.1,,,386.0
O=C(CC1=CN=CC2=CC=CC=C12)N1CC[C@]2(CC=CCO2)C1 |&1:16|,,19.2,,,382.0
CNS(=O)(=O)[C@H]1CCCN(C(=O)CC2=CN=CC3=CC=CC=C23)C1 |&1:5|,,3.87,,,380.0
"O=C1C[C@H]2CCN(C(=O)CC3=CN=CC4=CC=CC=C34)C[C@H]2N1 |&1:3,21|",,0.844,,,377.0
O=C(CC1=CN=CC2=CC=CC=C12)N1CCC(C[C@H]2CCCOC2)CC1 |&1:18|,,21.2,,,380.0
"CC[C@H]1C[C@@H](C(F)(F)F)CCN1C(=O)CC1=CN=CC2=CC=CC=C12 |&1:2,4|",,20.0,,,219.0
"O=C(CC1=CN=CC2=CC=CC=C12)N1CC[C@H]2CCC(F)(F)C[C@H]2C1 |&1:16,&2:23|",,24.5,,,374.0
O=C(CC1=CN=CC2=CC=CC=C12)N1CC[C@]2(CCCC3=CC=CC=C32)C1 |&1:16|,,15.0,,,314.0
CNC(=O)CC1CCN(C(=O)CC2=CN=CC3=CC=CC=C23)CC1,,2.22,,,381.0
O=C(NC1=CC=C2CNCC2=C1)C1=CC(Br)=CC2=C1N=C(C1=CC=CC=C1)N2,12.8,0.0942,43.8,3.6,
"C[C@H]1CCN(C(=O)CC2=CN=CC3=CC=CC=C23)[C@@H](C2CCOCC2)C1 |&1:1,18|",,20.0,,,377.0
O=C(CC1=CN=CC2=CC=CC=C12)N1CCC[C@H](C2=NN=C3C=CC=CN23)C1 |&1:17|,,1.42,,,393.0
CN1N=CC=C1[C@H]1CCCN1C(=O)CC1=CN=CC2=CC=CC=C12 |&1:6|,,13.1,,,379.0
"O=C(CC1=CN=CC2=CC=CC=C12)N1CC[C@H]2OCC[C@H]2C1 |&1:16,20|",,20.6,,,386.0
C[C@]1(C2=CC=CC=C2)CCCN(C(=O)CC2=CN=CC3=CC=CC=C23)C1 |&1:1|,,15.7,,,350.0
"O=C1N[C@H]2CCN(C(=O)CC3=CN=CC4=CC=CC=C34)[C@H]1C2 |&1:3,&2:20|",,1.4,,,389.0
O=C(CC1=CN=CC2=CC=CC=C12)N1CC[C@H](OC2=CC=C(F)C(F)=C2)C1 |&1:16|,,16.4,,,355.0
CNC(=O)[C@H]1CC12CCN(C(=O)CC1=CN=CC3=CC=CC=C13)CC2 |&1:4|,,1.98,,,366.0
O=C(CC1=CN=CC2=CC=CC=C12)N1CCC[C@H]1C=CC1=CC=CS1 |&1:17|,,15.1,,,361.0
O=C1CC2=C(C=CC=C2C(=O)NC2=CC=C3CNCC3=C2)N1,,0.924,,0.3,152.0
CC(C)NC(=O)[C@H](NC1=CC=C2CNCC2=C1)C1=CC(Cl)=CC2=C1C=NN2 |&1:6|,,0.963,,0.5,311.0
O=C(NC1=CC=C2CNCC2=C1)C1=CC(Br)=CC2=C1C=CN2,,3.85,34.3,,
O=C(NC1=CC=C2CNCC2=C1)C1=CC(Cl)=CC2=C1CCC2,,2.57,,1.8,335.0
CN1N=CC2=C(C(=O)NC3=CC=C4CNCC4=C3)C=C(Br)C=C21,,4.66,,1.0,392.0
CNC(=O)[C@H](NC1=CC(CN)=CC(C(=O)O)=C1)C1=CC(Cl)=CC(C2CC2)=C1 |&1:4|,,0.94,,0.0,335.0
OCC#C[C@H](NC1=CC=C2CNCC2=C1)C1=CC(Cl)=CC2=C1C=NN2 |&1:4|,,0.592,,0.5,135.0
N#C[C@H](NC1=CC=C2CNCC2=C1)C1=CC(Cl)=CC2=C1C=NN2 |&1:2|,10.3,1.1,,0.9,297.0
CNC(=O)[C@H](NC1=CC(CN)=CC(C2=NNN=N2)=C1)C1=CC(Cl)=CC(C2CC2)=C1 |&1:4|,,0.302,,1.5,352.0
"O=C(NC1=CC(Cl)=CC([C@H]2CN(CC3=CC=CC=C3)C[C@@H]2C2=CC=CC(C3=NNN=N3)=C2)=C1)OCC1=CC=CC=C1 |&1:9,20|",46.3,0.2,,4.1,
ClC1=CC=C2NC=C(CC3=CC=C(C4=NNN=N4)C=C3)C2=C1,,8.4,,2.1,
O=C(NC1=CC(Cl)=CC([C@H](NC2=CC=CC(C3=NNN=N3)=C2)C(=O)NCC2=CC=CC=C2)=C1)OCC1=CC=CC=C1 |&1:9|,,0.6,,3.7,
C=CC[C@H](NC1=CC=C(C2=NNN=N2)C=C1)C1=CC(Cl)=CC(NC(=O)OCC2=CC=CC=C2)=C1 |&1:3|,10.1,2.6,,3.9,
CNC(=O)[C@H](NC1=CC=C(C2=NN=NN2)C=C1)C1=CC(Cl)=CC(C2CC2)=C1 |&1:4|,,1.6,,1.1,
CC1=CC=CC=C1C1=NN=C(SC2=CC(C3=CC=CC=C3)=NC3=NC=NN23)O1,,0.0109,,3.7,7.0
CCN1C(C)=NN=C1SC1=CC(C)=NC2=NC=NN12,16.5,0.401,10.0,-0.5,348.0
CC1=NC2=NC=NN2C(SC2=NN=C(C)O2)=C1,182.0,0.12,151.0,0.1,356.0
ClC1=CC=CC(C2=NN=C(SC3=CC(C4=CC=CC=C4)=NC4=NC=NN34)O2)=C1,,1.85,,4.1,
CC1=NN=C(SC2=CC(C3=CC=CC=C3)=NC3=NC=NN23)O1,,0.0448,465.0,1.8,60.0
COC1=CC=C(C2=NN=C(SC3=CC(C)=NC4=NC=NN34)O2)C=C1,141.0,0.236,586.0,2.4,7.0
O=C(NC1=CC(Cl)=CC(C2=CC=C3NC(C(=O)O)=CC3=C2)=C1)OCC1=CC=CC=C1,,0.61,,3.7,356.0
O=C(O)CN1N=CC2=CC(C3=CC(Cl)=CC(NC(=O)OCC4=CC=CC=C4)=C3)=CC=C21,,5.12,,2.6,131.0
C=CC[C@H](NC1=CC=CC(C2=NNN=N2)=C1)C1=CC(Cl)=CC(NC(=O)OCC2=CC=CC=C2)=C1 |&1:3|,65.5,1.24,,4.1,332.0
C1=CC=C(C2=NC3=NC=NN3C(SC3=NN=C(N4CCOCC4)S3)=C2)C=C1,290.0,0.14,624.0,2.1,4.0
O=S(=O)(NCCC1=NC=CC(O)=N1)N1CCNCC1,,0.723,,,349.0
N#C[C@H](NC1=CC=CC(C2=NNN=N2)=C1)C1=CC(Cl)=CC(NC(=O)OCC2=CC=CC=C2)=C1 |&1:2|,13.6,3.23,,3.2,344.0
O=C(NC1=CC=C2CNCC2=C1)C1=CC(Cl)=CC2=C1C=NN2,,1.8,243.0,0.9,279.0
N#C[C@H](NC1=CC=CC(C(=O)O)=C1)C1=CC(Cl)=CC2=C1C=NN2 |&1:2|,12.0,1.22,,0.6,112.0
"NCC1=CC(C(=O)O)=CC([C@@H]2C[C@H]2C2=CC(Cl)=CC(NC(=O)OCC3=CC=CC=C3)=C2)=C1 |&1:10,12|",,0.819,,2.7,52.0
CNCC1=NC2=NC=NN2C(SC2=NN=C(C3=CC=C(Cl)C=C3)N2C)=C1,0.0,0.441,0.0,0.7,356.0
CNC(=O)[C@H](NC1=CC(Cl)=CC(NC(=O)OCC2=CC=CC=C2)=C1)C1=CC=CC(C2=NNN=N2)=C1 |&1:4|,21.3,1.39,,2.2,333.0
CNC(=O)[C@H](NC1=CC=CC(C2=NNN=N2)=C1)C1=CC(Cl)=CC2=C1C=NN2 |&1:4|,,0.863,,0.3,347.0
CC1=CSC(SC2=CC(C3=CC=CC=C3)=NC3=NC=NN23)=N1,,0.636,,2.9,6.0
COC1=CC=C(C2=NN=C(SC3=CC(C4=CC=CC=C4)=NC4=NC=NN34)N2C)C=C1,,0.657,,2.6,11.0
C1=CC=C(C2=NC3=NN=CN3C(SC3=NC(C4=CC=CC=N4)=NO3)=C2)C=C1,0.0,0.00854,0.0,2.7,73.0
CCN1C(C)=NN=C1SC1=CC(C2=CC=CC=C2)=NC2=NC=NN12,35.1,0.0862,20.1,1.4,283.0
O=C(O)COC1=CC=CC(NC(=O)C2=CC(Cl)=CC(NC(=O)OCC3=CC=CC=C3)=C2)=C1,,1.1,,1.8,360.0
CN1C(SC2=CC(C3=NOC=C3)=NC3=NC=NN23)=NN=C1C1=CC=C(Cl)C=C1,,0.392,,2.0,8.0
CC1=CC=C(C2=NN=C(SC3=CC(C4=CC=CC=C4)=NC4=NC=NN34)O2)C=C1,,1.85,,4.3,
ClC1=CC=C(C2=CN=C(SC3=CC(C4=CC=CC=C4)=NC4=NN=CN34)O2)C=C1,25.2,0.289,27.1,4.2,
COC1=CC=CC(C2=NN=C(SC3=CC(C4=CC=CC=C4)=NC4=NC=NN34)O2)=C1,,0.0142,,4.1,6.0
O=C(NC1=CC(Cl)=CC(C(=O)NC2=CC=CC(N3N=NNC3=O)=C2)=C1)OCC1=CC=CC=C1,11.2,9.46,,3.8,107.0
O=C(NC1=CC(Cl)=CC(C(=O)NC2=CC=CC(C3=NN=NN3)=C2)=C1)OCC1=CC=CC=C1,,5.06,,3.7,65.0
CC1=CC=C2OC(SC3=CC(C4=CC=CC=C4)=NC4=NC=NN34)=NC2=C1,,2.87,,4.4,3.0
"O=C(N[C@H]1[C@H]2CCCCC[C@H]2[C@H]1C(=O)NC1=CC=CC(C2CCNCC2)=C1)OCC1=CC=CC=C1 |&1:3,4,10,11|",31.3,0.395,,2.8,49.0
COC1=CC=C(C2=NN=C(SC3=CC(C4=CC=CC=C4)=NC4=NC=NN34)O2)C=C1,,0.00274,,4.0,39.0
ClC1=CC=C(C2=NN=C(SC3=CC(C4=CC=CC=C4)=NC4=NC=NN34)O2)C=C1,,0.00871,,4.2,2.0
CC[C@H](CC1=NN=NN1)C1=CC=C(NC(=O)C2=CC(Cl)=CC(NC(=O)OCC3=CC=CC=C3)=C2)C=C1 |&1:2|,24.9,2.79,,4.1,60.0
CN1C(SC2=CC(C3=CC=CC=C3)=NC3=NC=NN23)=NN=C1C1=CC=NC=C1,174.0,0.0237,130.0,1.4,21.0
C1=CC=C(C2=NC3=NC=NN3C(SC3=NC=CO3)=C2)C=C1,332.0,0.0232,1040.0,2.3,52.0
CC(C)COC1=NOC2=CC(OCCCC3=CC(C(=O)N(C)C)=NO3)=CC=C12,41.1,2.67,99.8,4.4,11.0
CC(C)COC1=CC=C2C(OCCCC3=CC(C(=O)N(C)C)=NO3)=NOC2=C1,95.1,7.05,68.5,,15.0
CC1=CC=C(C2=NN=C(SC3=CC(C4=CC=CC=C4)=NC4=NC=NN34)N2C)C=C1,238.0,0.00929,120.0,3.0,7.0
CCC1=C(C2=CC=C(Cl)C=C2)SC(C(=O)NC2=CC=CC(CN)=C2)=C1,,0.995,,4.3,7.0
CC(C)C1=NC2=C(C(=O)NC3=CC=CC(CN)=C3)C=CC=C2N1,,3.84,,1.9,316.0
NCC1=CC=CC(NC(=O)C2=CC=CN3C=C(CN4CCCC4)N=C23)=C1,,5.25,,0.2,332.0
CN(C)C(=O)C1=NOC(CCCOC2=CC=C3C(OCC4CC4)=NOC3=C2)=C1,35.5,5.07,132.0,3.7,7.0
CCOC1=NOC2=CC(OCCCC3=CC(C(=O)N(C)C)=NO3)=CC=C12,31.2,14.8,140.0,3.5,18.0
CCOC1=NOC2=C(C)C(OCCCC3=CC(C(=O)N(C)C)=NO3)=CC=C12,97.1,15.8,418.0,4.0,25.0
CCOC1=NOC2=CC(OCCCC3=CC(C(=O)N(C)C)=NO3)=C(C)C=C12,46.4,4.12,166.0,4.0,7.0
CC1=CC=C(NC(=O)C2=CC(Cl)=CC(NC(=O)OCC3=CC=CC=C3)=C2)C=C1CN,,0.0873,,,
C#CCCC1=CC=C(OCCCC2=CC(C(=O)N(C)C)=NO2)C=C1,60.4,19.3,73.8,3.5,158.0
"NCC1=CC=CC([C@H]2C[C@@H]2C2=CC(Cl)=CC(NC(=O)OCC3=CC=CC=C3)=C2)=C1 |&1:7,9|",11.4,1.66,,,50.0
O=C(NC1=CC(Cl)=CC(C(=O)NC2=NNC3=C2CNC3)=C1)OCC1=CC=CC=C1,,1.44,,,26.0
NCC1=CC=CC(NC(=O)C2=CC(Cl)=CC(CN)=C2)=C1,21.0,1.96,,-0.6,375.0
CN(C)C(=O)C1=NOC(CCCOC2=CC=CC(F)=C2)=C1,46.6,34.8,339.0,2.7,356.0
O=C1NC(=O)[C@H](CC2=NC3=C(COCC3)S2)C2=CC=CC=C12 |&1:5|,20.3,5.44,67.5,0.6,356.0
CC1=CC(C2=NOC(C(F)(F)F)=N2)=CC=C1COCCC1=CC(C(=O)N(C)C)=NO1,36.5,15.2,78.9,3.5,68.0
C#CCCCCC1=CC=C(OCCCC2=CC(C(=O)N(C)C)=NO2)C=C1,79.9,7.87,139.0,4.4,4.0
CN(C)C(=O)C1=NOC(CCCOC2=CC=C(F)C=C2)=C1,42.6,34.4,281.0,2.6,208.0
CC1=CC(C2=NOC(C(F)(F)F)=N2)=CC=C1OCCCC1=NC(C2=CC=NC=C2)=NO1,19.6,1.01,80.5,4.5,4.0
CN(C)C(=O)C1=NOC(CCCOC2=CC=C(C3=NOC(C4CC4)=N3)C=C2)=C1,29.8,23.9,54.7,3.6,16.0
CN(C)C(=O)C1=NOC(CCCOC2=CC=C(CCC3CCNCC3)C=C2)=C1,,12.8,29.4,0.5,398.0
O=C(NC1=CC(Cl)=CC(C(=O)NC2=CC=C3CNCC3=C2)=C1)OCC1=CC=CC=C1,12.7,1.25,,2.8,35.0
O=C(O)C1=CC(Cl)=CC=C1S(=O)(=O)NC1CCN(C2=NC(C3CC3)=CC(C(F)(F)F)=N2)CC1,26.3,3.65,,2.8,380.0
CC1=NN=C(CCCOC2=CC=C(C3=NOC(C(F)(F)F)=N3)C=C2C)N1,,13.8,15.4,4.1,18.0
CN(C)C(=O)C1=NOC(CCCN2C=CC3=CC(C4=NOC(C(F)(F)F)=N4)=CC=C32)=C1,28.9,1.02,26.4,,8.0
CN(C)C(=O)C1=NOC(CCCN2C=CC3=NC(C4=NOC(C(F)(F)F)=N4)=CC=C32)=C1,51.3,20.7,44.1,2.7,205.0
O=C(NC1=CC(Cl)=CC(C(=O)NC2=CC=CC(C3CCNCC3)=C2)=C1)OCC1=CC=CC=C1,,1.8,,,126.0
NCCC1=CC=C(NC(=O)C2=CC(Cl)=CC(NC(=O)OCC3=CC=CC=C3)=C2)C=C1,17.5,0.791,,2.9,88.0
CC1=CC(OCC2=CC=CC=C2)=CC=C1NS(=O)(=O)C1=CC=C(Cl)C=C1C(=O)O,22.3,4.61,,2.7,394.0
CCOC1=CC=CC(C2=CC=C(S(=O)(=O)NC3=CC=C(Cl)C=C3C(=O)O)C=C2)=C1,119.0,6.22,,2.8,392.0
O=C(O)C1=CC(Cl)=CC=C1NS(=O)(=O)C1=CC=C(C2=CC=CC=C2Cl)C=C1,343.0,7.59,,3.6,397.0
O=C(O)C1=CC(Cl)=C(F)C=C1S(=O)(=O)NC1=CC=C(OC2=CC=CC=C2Cl)C=C1,67.4,4.29,,3.3,396.0
NCC1=CC=CC(NC(=O)C[C@H](NC(=O)OCC2=CC=CC=C2)C2=CC=C(OCC3=CC=CC=C3)C(Br)=C2)=C1 |&1:11|,12.4,0.783,,,21.0
CC1=CC(C2=NOC(C(F)(F)F)=N2)=CC=C1OCCCC1=CC(C(=O)N2CCCC2)=NO1,,0.542,35.7,,12.0
CCOC1=NOC2=CC(OCCC3CCN(C4=CC=C(C)N=N4)CC3)=CC=C12,41.7,2.41,95.3,3.0,16.0
CC1=CC(C2=NOC(C(F)(F)F)=N2)=CC=C1OCCCC1=NC=CN1,,1.89,25.8,,68.0
CC1=CC(C2=NOC(C(F)(F)F)=N2)=CC=C1OCCCC1=NC2=CC=CC=C2N1,11.0,0.598,60.8,,5.0
COC1=CC=C2NC(CCCOC3=CC=C(C4=NOC(C(F)(F)F)=N4)C=C3C)=NC2=N1,30.5,1.79,26.1,,3.0
CC1=CC(C2=NOC(C(F)(F)F)=N2)=CC=C1OCCCC1=NN=CO1,,12.1,12.9,4.0,21.0
CC1=CC(C2=NOC(C(F)(F)F)=N2)=CC=C1OCCCC1=NC(C2=CC=CN=C2)=NO1,16.6,0.434,33.0,,6.0
CN(C)C(=O)C1=NOC(CCCOC2=CC=C3CCCCC3=C2F)=C1,166.0,13.0,218.0,4.2,7.0
CCOC(=O)C1=CC=C(OCCC2CCN(C3=CC=C(C)N=N3)CC2)C=C1,708.0,9.01,580.0,4.1,9.0
CC1=NN=C(CCCOC2=CC=C(C3=NOC(C(F)(F)F)=N3)C=C2C)O1,16.6,8.89,74.6,4.4,78.0
CC1=CC(C2=NOC(C(F)(F)F)=N2)=CC=C1OCCCC1=CC=CC=N1,10.7,0.55,31.3,,10.0
CC1=CC(C2=NOC(C(F)(F)F)=N2)=CC=C1OCCCC1=CC(C(=O)N2CC[C@](C)(O)C2)=NO1 |&1:28|,,2.25,,4.4,16.0
CC1=CC(C2=NOC(C(F)(F)F)=N2)=CC=C1OCCCC1=CC(C(=O)N2CC[C@@H](O)C2)=NO1 |a:28|,,2.09,13.0,4.4,12.0
CN(C)C(=O)C1=NOC(CCCN2N=CC3=CC(C4=NOC(C(F)(F)F)=N4)=CC=C32)=C1,14.7,10.9,111.0,3.6,52.0
CC1=CC(C2=NOC(C(F)(F)F)=N2)=CC=C1OCCCC1=CC=CN=C1,14.9,0.578,46.2,,7.0
CC1=CC(C2=NOC(C(F)(F)F)=N2)=CC=C1OCCCC1=CSN=N1,27.5,1.26,109.0,,3.0
CC1=CC(C2=NOC(C(F)(F)F)=N2)=CC=C1OCCCC1=CN=CO1,10.5,1.58,48.2,,3.0
CC1=CC=NC=C1CCCOC1=CC=C(C2=NOC(C(F)(F)F)=N2)C=C1C,13.1,0.0927,16.2,,3.0
CC1=NOC(CCCOC2=CC=C(C3=NOC(C(F)(F)F)=N3)C=C2C)=N1,,2.84,112.0,,4.0
CC1=CC(C2=NOC(C(F)(F)F)=N2)=CC=C1OCCCC1=CC=NC=C1,10.9,0.468,24.0,,4.0
CC1=CC(C2=NOC(C(F)(F)F)=N2)=CC=C1OCCCC1=CC(C(=O)N(C)C)=NO1,11.0,2.26,24.4,,9.0
CC1=CC(C2=NOC(C(F)(F)F)=N2)=CC=C1OCCCC1=NN=C(C(F)F)O1,,1.93,19.0,,6.0
CC1=CC(C2=NOC(C(F)(F)F)=N2)=CC=C1OCCCC1=CNN=C1,,0.511,17.8,4.0,5.0
CC1=NC(C2=CC=C(OCCCCCN3CCN(C4=CC=NC(N)=C4)C3=O)C=C2)=NO1,32.8,1.89,29.5,2.5,10.0
CC1=CC(C2=NOC(C(F)(F)F)=N2)=CC=C1OCCCC1=CON=C1,,3.0,51.1,,12.0
NC1=NC(C2=CC=CC=C2)=NC2=C1C(NC1=CC=C(C(F)(F)F)C=C1)=NN2,,1.76,11.2,,2.0
CC1=CC(C2=NOC(C(F)(F)F)=N2)=CC=C1OCCCC1=CN(C)N=C1,18.1,0.696,72.5,4.2,4.0
CC1=CC(C2=NOC(C(F)(F)F)=N2)=CC=C1OCCCC1=CC(C(=O)N2CCOCC2)=NO1,18.5,1.64,98.3,,4.0
CCON=CC1=CC=C(OCCC2CCN(C3=CC=C(C)N=N3)CC2)C=C1,17.7,7.2,38.3,4.4,8.0
CC1=CC(C2=NOC(C(F)(F)F)=N2)=CC=C1CCOCC1=CC(C(=O)N(C)C)=NO1,48.4,4.04,86.9,4.0,48.0
CC1=CC(C2=NOC(C(F)(F)F)=N2)=CC=C1OCCCC1=CC(C(=O)N2CC[C@H](O)C2)=NO1 |a:28|,,2.47,12.3,4.4,13.0
CC1=CC(C2=NOC(C(F)(F)F)=N2)=CC=C1OCCCC1=NN=NN1C1=CC=CC=C1,,1.99,34.1,,9.0
O=C1NC(=O)[C@@H](CC2=CC=C3OCOC3=C2)C2=CC=CC=C12 |a:5|,32.4,6.56,82.7,2.4,263.0
CC(C)CNC(=O)C1=CC(Cl)=C(F)C=C1NS(=O)(=O)C1=CC=C(OC2=CC=CC=C2Cl)C=C1,198.0,2.39,,,4.0
O=C(NCC(F)(F)F)C1=CC(Cl)=C(F)C=C1NS(=O)(=O)C1=CC=C(OC2=CC=CC=C2Cl)C=C1,70.0,2.4,,,14.0
NCC1=CC=CC(NC(=O)C2=CC(OCC3=CC=CC=C3)=CC=C2CNC(=O)OCC2=CC=CC=C2)=C1,21.0,1.75,,2.8,14.0
NCC1=CC=CC(NC(=O)CN(C(=O)OCC2=CC=CC=C2)C2=CC=C(OCC3=CC=CC=C3)C=C2)=C1,11.0,0.899,,2.9,56.0
CC1=CC(C2=CC=C([C@H](NC(=O)OCC3=CC=CC=C3)C(=O)NC3=CC=CC(CN)=C3)C=C2)=CS1 |&1:8|,29.5,1.19,,,8.0
O=C(NC1=CC=C2OCOC2=C1)NC1=CNC(=O)C2=CC=CC=C12,,1.8,40.3,,72.0
O=C1NC(=O)[C@H](CC2=CC=CC(Cl)=C2)C2=CC=CC=C12 |&1:5|,170.0,8.65,16.7,,291.0
NCC1=CC=CC(NC(=O)C2=CC(Cl)=CC(NC(=O)OCC3=CC=CC=C3)=C2)=C1,,2.11,,2.7,89.0
NCC1=CC=CC(NC(=O)C[C@H](NC(=O)OCC2=CC=CC=C2)C2=CC=C(OCC3=CC=CC=C3)C=C2)=C1 |&1:11|,17.0,1.04,,,17.0
O=C(CC1=CNN=C1)NC1=CNC(=O)C2=CC=CC=C12,,1.05,,0.1,383.0
CC1=CC(NC(=O)NC2=CNC(=O)C3=CC=C(F)C=C23)=NO1,12.5,7.03,129.0,1.9,53.0
O=C1C2=CC=CC=C2[C@H](CC2=CC=C(O)C=C2)C(=O)N1CC1=CC=C2OCOC2=C1 |&1:8|,421.0,4.32,545.0,,133.0
NCC1=CC=CC(CNC(=O)[C@H](NC(=O)OCC2=CC=CC=C2)C2=CC=C(OCC3=CC=CC=C3)C=C2)=C1 |&1:11|,3.89,1.44,2.73,2.7,78.0
NCC1=CC=CC(NC(=O)[C@H](NC(=O)OCC2=CC=CC=C2)C(C2CCC2)C2CCC2)=C1 |&1:10|,12.6,1.6,,2.5,
C1=CC=C2SC(C3CCN(CC4=CNC5=CC=CC=C45)CC3)=NC2=C1,38.1,5.82,,,119.0
COC1=CC=C(CNC(=O)NC2=CNC(=O)C3=CC=NC=C23)C=N1,,1.31,,0.7,311.0
O=C(NCC1=CC=CC=N1)NC1=CNC(=O)C2=CC(Cl)=CC=C12,11.4,1.53,24.7,1.7,127.0
NCC1=CC=CC(NC(=O)[C@H](NC(=O)OCC2=CC=CC=C2)C2CCCCC2)=C1 |&1:10|,5.29,1.58,,2.0,
CC1=NOC(CCCOC2=C(C)C=C(C3=NOC(C(F)(F)F)=N3)C=C2C)=C1,11.6,1.42,21.5,4.2,18.0
O=C(NCC1=CC=CC=N1)NC1=CNC(=O)C2=CC=CN=C12,,2.8,,0.9,285.0
COC1=CC=CC=C1NC(=O)NC1=CNC(=O)C2=CC=CC=C12,16.5,3.17,108.0,2.2,13.0
CNC(=O)C1=CC(Cl)=C(F)C=C1NS(=O)(=O)C1=CC=C(OC2=CC=CC=C2Cl)C=C1,71.3,6.11,45.6,,49.0
O=C(NCC1=CC=CC=N1)NC1=CNC(=O)C2=CC=C(F)C=C12,,1.54,12.4,1.0,48.0
"C[C@H](C(=O)O)[C@@H](NC(=O)C1=NC=NC2=C1C=CN2)C1=CC=C(Br)C=C1 |o1:1,5|",3.0,0.682,4.0,0.6,358.0
"CCCC[C@H](NC(=O)OC(C)(C)C)C(=O)N[C@H](C(=O)NCC1=CC=C(CN)C=C1)C1=CC=C(OCC2=CC=CC=C2)C=C1 |&1:4,&2:16|",56.0,0.833,7.44,,143.0
O=C(O)C1=CC(Cl)=CC=C1NS(=O)(=O)C1=CC=C(OC2=CC=CC=C2Cl)C=C1,155.0,4.01,13.0,3.0,369.0
COC1=CC=C([C@H](CC2=NN=NN2)NC(=O)C2=NC=NC3=C2C=CN3)C=C1 |o1:6|,2.0,1.07,7.0,-0.5,367.0
C1=CC=C2C(CN3CCC(C4=CNC5=CC=CN=C45)CC3)=CNC2=C1,16.0,4.6,,,
COC1=CC(CC2=C(C)ON=C2C2=CC=C(F)C=C2)=NC(N2CCNCC2)=N1,15.0,4.78,33.0,2.1,325.0
NCC1=CC=CC(NC(=O)[C@@H](NC(=O)OCC2=CC=CC=C2)C2=CC=C(OCC3=CC=CC=C3)C=C2)=C1 |a:10|,11.0,1.53,1.0,3.2,23.0
NC1=NN=C2C=CC(C3=CC=C4NC(=O)CNC4=C3)=CN12,15.6,1.66,41.8,0.8,30.0
CNC(=O)C1=CC(Cl)=CC=C1NS(=O)(=O)C1=CC=C(OC2=CC=CC=C2Cl)C=C1,106.0,4.91,94.0,2.4,25.0
CN1C=C(NC(=O)NCC2=CC=CC=N2)C2=CN=CC=C2C1=O,4.11,1.57,2.08,0.3,378.0
O=C(/C=C/C1=CC=CC=C1)C(=O)N1CCN(CCC2=CC=CC=C2)CC1,167.0,3.0,181.0,3.3,239.0
CC1=NC=CN1C[C@H](C)CNC(=O)C1=CC=C2COB(O)C2=C1 |&1:7|,1.0,1.3,12.0,0.2,
"C[C@H]1CN(C[C@H](O)CNC(=O)C2=CC=C3COB(O)C3=C2)CCO1 |&1:1,&2:5|",8.0,0.8,14.0,0.0,
CN1CCN(C)[C@H](CNC(=O)C2=CC=C3COB(O)C3=C2)C1 |&1:6|,14.0,1.0,16.0,-0.5,
O=C(C1=CC=C2COB(O)C2=C1)N1CCN[C@H](C2=CC=CC=C2)C1 |&1:16|,4.0,5.2,12.0,0.8,
O=C(C[C@H]1CCN2C=NC=C2C1)NC1=CC=CC(B(O)O)=C1 |&1:3|,8.0,3.6,6.0,1.1,
CC1=CC(NC(=O)NC2=CNC(=O)C3=CC=CC=C23)=NO1,9.69,5.37,119.0,1.6,65.0
"CN1CC[C@H](NC(=O)C2=CC=CC(B(O)O)=C2)[C@H]1C1=CC=C(Cl)C=C1 |&1:4,17|",21.0,14.9,53.0,2.8,
CN(C(=O)C1=CC=C2COB(O)C2=C1)[C@H]1CCN(C2CC2)C1 |&1:14|,16.0,12.0,8.0,0.7,
"O=C(NC1=CC=CC(B(O)O)=C1)[C@H]1CCN2CCC[C@H]2C1 |&1:12,&2:19|",9.0,3.3,6.0,0.3,389.0
O=C(NC1=CC=CC(B(O)O)=C1)[C@H]1CCN(CC2=CC=CC=C2)C1 |&1:12|,7.0,13.5,26.0,1.9,
CN(C)C[C@H]1C[C@H](NC(=O)C2=CC=C3COB(O)C3=C2)C1,5.0,0.9,19.0,,
"C[C@H]1CN(C2=CN=CC3=CC=CC=C23)C(=O)[C@@]12CN(CC1=CC=NN=C1)C(=O)C1=CC=C(F)C=C12 |a:1,16|",19.0,1.0,57.0,1.2,
"CNC(=O)CN1C[C@@]2(C(=O)N(C3=CN=CC4=CC=CC=C34)C[C@@H]2CNC2=CC=C(Cl)N=N2)C2=CC(Cl)=CC=C2C1=O |a:7,22|",70.0,0.5,75.0,2.1,390.0
"CNC(=O)CN1C[C@@]2(C(=O)N(C3=CN=CC4=CC=CC=C34)C[C@@H]2CNC2=CN=CS2)C2=CC(Cl)=CC=C2C1=O |a:7,22|",39.0,0.6,77.0,1.8,397.0
"C[C@H]1CN(C2=CN=CC3=CC=CC=C23)C(=O)[C@@]12CN(CCN1CCN(S(C)(=O)=O)CC1)C(=O)C1=CC=C(Cl)C=C12 |a:1,16|",237.0,1.33,237.0,1.8,376.0
"O=C1C2=CC=C(Cl)C=C2[C@@]2(CN1CCN1CCOCC1)C(=O)N(C1=CN=CC3=CC=CC=C13)C[C@@H]2CNC1=NC=CC=N1 |a:9,34|",108.0,1.17,133.0,1.9,382.0
CCNC(=O)C1=CC2=C(N[C@H](C3=CC=C4OCCOC4=C3)C(C)C)N=CN=C2N1 |o1:10|,1330.0,2.9,72.0,3.6,13.0
"CNC(=O)CN1C[C@@]2(C(=O)N(C3=CN=CC4=CC=CC=C34)C[C@@H]2CNC2=C(C)N=CS2)C2=CC(Cl)=CC=C2C1=O |a:7,22|",17.0,0.6,33.0,2.1,383.0
CCNC(=O)C1=CC2=C(N[C@H](C3=CC=C4OCCOC4=C3)C(C)C)N=CN=C2N1 |o1:10|,67.0,2.7,48.0,3.6,263.0
CC(C)[C@H](NC1=NC=NC2=C1C=C(C1=CN(CC(=O)N(C)C)N=C1)N2)C1=CC=C2OCCOC2=C1 |o1:3|,500.0,2.05,35.0,2.9,19.0
CC(C)[C@H](NC1=NC=NC2=C1C=C(C1=CN(CC(=O)N(C)C)N=C1)N2)C1=CC=C2OCCOC2=C1 |o1:3|,108.0,1.62,45.0,3.0,205.0
CC(C)[C@H](NC1=NC=NC2=C1C=C(C1=CN(CC(=O)N(C)C)N=C1)N2)C1=CC=C2CCCS(=O)(=O)C2=C1 |o1:3|,297.0,0.555,31.0,2.2,256.0
CC(C)[C@H](NC1=NC=NC2=C1C=C(C1=CN(CC(=O)N(C)C)N=C1)N2)C1=CC=C2CCCS(=O)(=O)C2=C1 |o1:3|,92.0,1.17,124.0,2.2,361.0
"CNC(=O)CN1C[C@@]2(C(=O)N(C3=CN=CC4=CC=CC=C34)C[C@@H]2CS(=O)(=O)NC)C2=CC(Cl)=CC=C2C1=O |a:7,22|",83.0,0.142,69.0,1.3,
COC1=CC=C(C(=O)NC2=CC=CC(/C=C3/C(=O)NC(=O)C4=CC=CC=C34)=C2)C=C1,180.0,2.33,127.0,3.6,23.0
"CC1=NOC(CN2C[C@@]3(C(=O)N(C4=CN=CC5=CC=CC=C45)C[C@@H]3C)C3=CC(F)=CC=C3C2=O)=C1 |a:8,23|",80.0,12.5,240.0,2.1,392.0
"C[C@H]1CN(C2=CN=CC3=CC=CC=C23)C(=O)[C@@]12CN(CC1=NN=NN1C)C(=O)C1=CC=C(F)C=C12 |a:1,16|",58.0,3.02,172.0,1.5,372.0
"C[C@H]1CN(C2=CN=CC3=CC=CC=C23)C(=O)[C@@]12CN(CC1=NC=CN1C)C(=O)C1=CC=C(F)C=C12 |a:1,16|",195.0,6.7,351.0,2.0,377.0
"C[C@H]1CN(C2=CN=CC3=CC=CC=C23)C(=O)[C@@]12CN(CC#N)C(=O)C1=CC=C(F)C=C12 |a:1,16|",85.0,8.26,84.0,1.7,375.0
"CNC(=O)CN1C[C@@]2(C(=O)N(C3=CN=CC4=CC=CC=C34)C[C@@H]2CN2N=CN=N2)C2=CC(Cl)=CC=C2C1=O |a:7,22|",44.0,0.29,46.0,1.1,387.0
"CNC(=O)CN1C[C@@]2(C(=O)N(C3=CN=CC4=CC=CC=C34)C[C@@H]2CNC2=CN=C(C)S2)C2=CC(Cl)=CC=C2C1=O |a:7,22|",26.0,0.371,90.0,1.9,395.0
CCN1N=CC=C1CN1C[C@@]2(C(=O)N(C3=CN=CC4=CC=CC=C34)C[C@@H]2C)C2=CC(F)=CC=C2C1=O,256.0,16.5,441.0,2.3,378.0
C[C@H]1CN(C2=CN=CC3=CC=CC=C23)C(=O)[C@@]12CN(CC1=CC=NN1C)C(=O)C1=CC=C(F)C=C12,131.0,6.24,353.0,2.0,
C[C@H]1CN(C2=CN=CC3=CC=CC=C23)C(=O)[C@@]12CN(CC1=CNN=N1)C(=O)C1=CC=C(F)C=C12,11.0,1.97,61.0,1.7,389.0
CNC(=O)CN1C[C@@]2(C(=O)N(C3=CN=CC4=CC=CC=C34)C[C@@H]2CN2C=CC=N2)C2=CC(Cl)=CC=C2C1=O,51.0,0.612,83.0,1.9,
CNCCN1C[C@@]2(C(=O)N(C3=CN=CC4=CC=CC=C34)C[C@@H]2C)C2=CC(F)=CC=C2C1=O,3.0,0.669,2.0,0.0,396.0
C[C@H]1CN(C2=CN=CC3=CC=CC=C23)C(=O)[C@@]12CN(CC1=COC=N1)C(=O)C1=CC=C(F)C=C12,85.0,11.9,278.0,1.9,
CC1=CN=C(CN2C[C@@]3(C(=O)N(C4=CN=CC5=CC=CC=C45)C[C@@H]3C)C3=CC(F)=CC=C3C2=O)C=N1,137.0,12.6,237.0,2.0,374.0
CNC(=O)CN1C[C@@]2(C(=O)N(C3=CN=CC4=CC=CC=C34)C[C@@H]2CS(=O)(=O)NC)C2=CC(F)=CC=C2C1=O,33.0,0.9,29.0,0.7,
CNC(=O)CN1C[C@@]2(C(=O)N(C3=CN=CC4=CC=CC=C34)C[C@@H]2CS(=O)(=O)N(C)C)C2=CC(Cl)=CC=C2C1=O,194.0,1.0,123.0,1.6,382.0
CN1N=NC(CN2C[C@]3(CCN(C4=CN=CC5=CC=CC=C45)C3=O)C3=CC(Cl)=CC=C3C2=O)=N1 |o1:8|,29.0,8.2,97.0,1.9,
CN1C=NC(CN2C[C@]3(CCN(C4=CN=CC5=CC=CC=C45)C3=O)C3=CC(Cl)=CC=C3C2=O)=N1 |o1:8|,26.0,3.2,51.0,1.6,
CN1C=CC(CN2C[C@]3(CCN(C4=CN=CC5=CC=CC=C45)C3=O)C3=CC(Cl)=CC=C3C2=O)=N1 |o1:8|,82.0,10.9,308.0,2.4,391.0
CN1N=NN=C1CN1C[C@]2(CCN(C3=CN=CC4=CC=CC=C34)C2=O)C2=CC(Cl)=CC=C2C1=O |o1:9|,126.0,5.7,582.0,1.9,389.0
CN1N=NC(CN2C[C@]3(CCN(C4=CN=CC5=CC=CC=C45)C3=O)C3=CC(Cl)=CC=C3C2=O)=N1 |o1:8|,77.0,10.5,227.0,1.9,
CN1C=NC(CN2C[C@]3(CCN(C4=CN=CC5=CC=CC=C45)C3=O)C3=CC(Cl)=CC=C3C2=O)=N1 |o1:8|,53.0,4.2,73.0,1.6,382.0
CN1C=CC(CN2C[C@]3(CCN(C4=CN=CC5=CC=CC=C45)C3=O)C3=CC(Cl)=CC=C3C2=O)=N1 |o1:8|,241.0,10.2,258.0,2.4,389.0
C[C@H]1CN(C2=CN=CC3=CC=CC=C23)C(=O)[C@@]12CN(CC1=NNC=N1)C(=O)C1=CC=C(F)C=C12,2.0,1.6,19.0,1.3,
C[C@H]1CN(C2=CN=CC3=CC=CC=C23)C(=O)[C@@]12CN(CC1=CC(O)=NC=N1)C(=O)C1=CC=C(F)C=C12,2.0,1.0,11.0,0.8,
CNC(=O)CN1C[C@@]2(C(=O)N(C3=CN=CC4=CC=CC=C34)C[C@@H]2CNC2=CC=NC=N2)C2=CC(Cl)=CC=C2C1=O,44.0,2.1,54.0,1.6,
CNC(=O)CN1C[C@@]2(C(=O)N(C3=CN=CC4=CC=CC=C34)C[C@@H]2CNC2=CN=CC=N2)C2=CC(Cl)=CC=C2C1=O,66.0,1.0,100.0,1.9,
CN1N=NN=C1CN1C[C@]2(CCN(C3=CN=CC4=CC=CC=C34)C2=O)C2=CC(Cl)=CC=C2C1=O |o1:9|,57.0,3.8,129.0,1.9,398.0
CC(C)[C@H](NC1=NC=NC2=C1C=C(C1=C(C#N)N(C)N=C1)N2)C1=CC=C2OCC(=O)NC2=C1 |o1:3|,52.0,2.35,147.0,3.4,19.0
C[C@H]1CN(C2=CN=CC3=CC=CC=C23)C(=O)[C@@]12CN(CC1=NC=CN1)C(=O)C1=CC=C(F)C=C12,90.0,4.92,316.0,2.1,373.0
C[C@H]1CN(C2=CN=CC3=CC=CC=C23)C(=O)[C@@]12CN(CC1=CC=NN1)C(=O)C1=CC=C(F)C=C12,44.0,4.26,163.0,2.0,397.0
C=CC(=O)N1CCCC2=C1C=CC=C2N(CC1=CC=CC(Cl)=C1)C(=O)CC1=CN=CC2=CC=CC=C12,1620.0,2.14,1460.0,3.3,44.0
CNC(=O)CN1C[C@@]2(C(=O)N(C3=CN=CC4=CC=CC=C34)C[C@@H]2CNC2=CC=CC=C2)C2=CC(Cl)=CC=C2C1=O,378.0,1.08,495.0,3.0,139.0
CNC(=O)CN1C[C@@]2(C(=O)N(C3=CN=CC4=CC=CC=C34)C[C@@H]2CNC2=CN(C)N=C2)C2=CC(Cl)=CC=C2C1=O,66.0,0.813,90.0,1.2,376.0
CNC(=O)CN1C[C@@]2(C(=O)N(C3=CN=CC4=CC=CC=C34)C[C@@H]2CC2=NNN=N2)C2=CC(Cl)=CC=C2C1=O,10.0,1.24,7.0,-0.7,374.0
C[C@H]1CN(C2=CN=CC3=CC=CC=C23)C(=O)[C@@]12CN(CC1=CNC=N1)C(=O)C1=CC=C(F)C=C12,19.0,1.37,91.0,1.8,387.0
CC(C)[C@H](NC1=NC=NC2=C1C=C(C1=C(C#N)N(C)N=C1)N2)C1=CC=C2OCC(=O)NC2=C1 |o1:3|,115.0,1.22,81.0,4.4,26.0
CC(C)[C@H](NC1=NC=NC2=C1C=C(C1=CN(C)N=C1)N2)C1=CC=C2CCCS(=O)(=O)C2=C1 |o1:3|,405.0,1.5,140.0,3.2,111.0
CC(C)[C@H](NC1=NC=NC2=C1C=C(C1=CN(C)N=C1)N2)C1=CC=C2CCCS(=O)(=O)C2=C1 |o1:3|,169.0,1.18,255.0,2.9,111.0
CC(C)(C)[C@H](NC1=NC=NC2=C1C=C(C1=CN(CC(N)=O)N=C1)N2)C1=CC=C2OCCOC2=C1 |o1:4|,153.0,0.364,44.0,3.0,89.0
CCNC(=O)C1=CC2=C(N[C@H](C3=CC=C4CCCS(=O)(=O)C4=C3)C(C)C)N=CN=C2N1 |o1:10|,109.0,0.717,64.0,2.7,337.0
CCNC(=O)C1=CC2=C(N[C@H](C3=CC=C4OCCS(=O)(=O)C4=C3)C(C)C)N=CN=C2N1 |&1:10|,64.0,0.471,26.0,2.9,328.0
CC(C)[C@H](NC1=NC=NC2=C1C=C(C1=CN=CC(S(C)(=O)=O)=C1)N2)C1=CC=C2CCCS(=O)(=O)C2=C1 |&1:3|,635.0,0.491,272.0,3.1,31.0
CC(C)[C@H](NC1=NC=NC2=C1C=CN2)C1=CC=C2OCCS(=O)(=O)C2=C1 |&1:3|,18.0,4.4,69.0,2.6,372.0
CC(C)[C@H](NC1=NC=NC2=C1C=C(C(=O)N[C@H]1CCN(C)C1)N2)C1=CC=C2CCCS(=O)(=O)C2=C1 |o1:3|,11.0,0.175,1.0,1.4,396.0
CC(C)(C)[C@H](NC1=NC=NC2=C1C=C(C1=CN(CC(N)=O)N=C1)N2)C1=CC=C2OCCOC2=C1 |o1:4|,100.0,1.01,39.0,3.1,104.0
CNCCN1C[C@@]2(C(=O)N(C3=CN=CC4=CC=CC=C34)C[C@@H]2C)C2=CC(Cl)=CC=C2C1=O,4.0,2.44,3.0,0.7,398.0
CC(C)[C@H](NC1=NC=NC2=C1C=C(C(=O)N[C@H]1CCN(C)C1)N2)C1=CC=C2CCCS(=O)(=O)C2=C1 |o1:3|,26.0,0.325,4.0,1.5,392.0
CNC(=O)C1=CC=CC(C2=CC3=C(N[C@H](C4=CC=C5CCCS(=O)(=O)C5=C4)C(C)C)N=CN=C3N2)=C1 |o1:14|,746.0,0.502,197.0,3.8,13.0
CNC(=O)C1=CC2=C(N[C@H](C3=CC=C4CCCS(=O)(=O)C4=C3)C(C)C)N=CN=C2N1 |o1:9|,67.0,0.891,47.0,2.3,374.0
CNC(=O)C1=CC=CC(C2=CC3=C(N[C@H](C4=CC=C5CCCS(=O)(=O)C5=C4)C(C)C)N=CN=C3N2)=C1 |o1:14|,455.0,0.627,882.0,3.7,15.0
CNC(=O)C1=CC2=C(N[C@H](C3=CC=C4CCCS(=O)(=O)C4=C3)C(C)C)N=CN=C2N1 |o1:9|,682.0,0.377,23.0,2.4,397.0
CO[C@@H](C)CN1C[C@@]2(C(=O)N(C3=CN=CC4=CC=CC=C34)C[C@@H]2C)C2=CC(F)=CC=C2C1=O,87.0,27.7,371.0,2.0,
CO[C@@H](C)CN1C[C@@]2(C(=O)N(C3=CN=CC4=CC=CC=C34)C[C@@H]2C)C2=CC(Cl)=CC=C2C1=O,170.0,35.7,726.0,2.6,388.0
CNC(=O)[C@@H](C)N1C[C@@]2(C(=O)N(C3=CN=CC4=CC=CC=C34)C[C@@H]2C)C2=CC(Cl)=CC=C2C1=O,48.0,8.52,127.0,2.1,374.0
CC(C)[C@H](NC1=NC=NC2=C1C=C(C1=CN(CC(N)=O)N=C1)N2)C1=CC=C2OCCOC2=N1 |o1:3|,12.0,1.27,5.0,2.3,377.0
CC(C)[C@H](NC1=NC=NC2=C1C=C(C1=CN(CC(N)=O)N=C1)N2)C1=CC=C2OCCOC2=N1 |o1:3|,18.0,0.47,9.0,2.4,395.0
CCNC(=O)C1=CC2=C(N[C@H](C3=CC=C4CCCS(=O)(=O)C4=C3)C(C)C)N=CN=C2N1 |o1:10|,892.0,0.532,54.0,2.8,316.0
C[C@H]1CN(C2=CN=CC3=CC=CC=C23)C(=O)[C@@]12CN(CCN1CCOCC1)C(=O)C1=CC=C(Cl)C=C12,172.0,19.3,368.0,1.8,385.0
CC(C)[C@H](NC1=NC=NC2=C1C=C(C1=CN(CC(N)=O)N=C1)N2)C1=CC=C2CCCS(=O)(=O)C2=C1 |o1:3|,240.0,1.98,39.0,2.1,338.0
CC1=NN(C)C=C1C1=CC2=C(N[C@H](C3=CC=C4CCCS(=O)(=O)C4=C3)C(C)C)N=CN=C2N1 |o1:12|,251.0,3.69,390.0,3.4,63.0
CC1=NN(C)C=C1C1=CC2=C(N[C@H](C3=CC=C4CCCS(=O)(=O)C4=C3)C(C)C)N=CN=C2N1 |o1:12|,273.0,4.36,202.0,3.1,65.0
CC(C)[C@H](NC1=NC=NC2=C1C=C(C1=CN(CC(N)=O)N=C1)N2)C1=CC=C2CCCS(=O)(=O)C2=C1 |o1:3|,115.0,0.719,96.0,2.0,335.0
CNC(=O)[C@@H](C)N1C[C@@]2(C(=O)N(C3=CN=CC4=CC=CC=C34)C[C@@H]2C)C2=CC(F)=CC=C2C1=O,11.0,1.6,60.0,1.6,387.0
CNC(=O)CN1C[C@@]2(C(=O)N(C3=CN=CC4=CC=CC=C34)C[C@@H]2CC#N)C2=CC(Cl)=CC=C2C1=O,37.0,0.317,46.0,1.1,349.0
C[C@H]1CN(C2=CN=CC3=CC=CC=C23)C(=O)[C@@]12CN(CCN1CCOCC1)C(=O)C1=CC=C(F)C=C12,96.0,9.99,165.0,1.4,392.0
C[C@H]1CN(C2=CN=CC3=CC=CC=C23)C(=O)[C@@]12CN(CC1=CNN=C1)C(=O)C1=CC=C(F)C=C12,27.0,2.07,672.0,1.8,
CNC(=O)C1(N2C[C@@]3(C(=O)N(C4=CN=CC5=CC=CC=C45)C[C@@H]3C)C3=CC(F)=CC=C3C2=O)CC1,15.0,1.42,43.0,1.2,
CNC(=O)CN1C[C@@]2(C(=O)N(C3=CN=CC4=CC=CC=C34)C[C@@H]2CN2C=CN=N2)C2=CC(F)=CC=C2C1=O,11.0,0.46,12.0,0.5,
CCNC(=O)CN1C[C@@]2(C(=O)N(C3=CN=CC4=CC=CC=C34)C[C@@H]2C)C2=CC(F)=CC=C2C1=O,65.0,2.79,232.0,1.5,
CNCC1=CC(C2=CC3=C(N[C@H](C4=CC=C5CCNS(=O)(=O)C5=C4)C(C)C)N=CN=C3N2)=CO1 |&1:11|,46.0,1.2,42.0,1.9,372.0
CC(C)[C@H](NC1=NC=NC2=C1C(C(=O)NC1CC1)=CN2)C1=CC=C2CCCS(=O)(=O)C2=C1 |o1:3|,5.0,1.27,42.0,3.0,19.0
CNC(=O)CN1C[C@@]2(C(=O)N(C3=CN=CC4=CC=CC=C34)C[C@@H]2CS(C)(=O)=O)C2=CC(F)=CC=C2C1=O,21.0,0.48,9.0,0.4,
CC1CCC2(CC1)CCN(C(=O)CC1=CN=CC3=CC=CC=C13)C2,346.0,18.2,226.0,3.8,385.0
C[C@H]1CN(C2=CN=CC3=CC=CC=C23)C(=O)[C@@]12CN(CC(=O)NC1CCC1)C(=O)C1=CC=C(Cl)C=C12,780.0,6.29,961.0,2.5,362.0
CNCC1=CC(C2=CC3=C(N[C@H](C4=CC=C5CCCS(=O)(=O)C5=C4)C(C)C)N=CN=C3N2)=CO1 |o1:11|,133.0,2.61,54.0,2.2,345.0
CNC(=O)C1=CNC2=NC=NC(N[C@H](C3=CC=C4CCCS(=O)(=O)C4=C3)C(C)C)=C12 |o1:13|,108.0,0.857,113.0,2.6,204.0
CC(C)[C@H](NC1=NC=NC2=C1C=C(C1=C(C#N)N(C)N=C1)N2)C1=CC=C2CCCS(=O)(=O)C2=C1 |o1:3|,935.0,4.33,311.0,3.3,22.0
CC(C)[C@H](NC1=NC=NC2=C1C=C(C1=C(C#N)N(C)N=C1)N2)C1=CC=C2CCCS(=O)(=O)C2=C1 |o1:3|,516.0,1.82,709.0,3.7,26.0
CNC(=O)C1=CNC2=NC=NC(N[C@H](C3=CC=C4CCCS(=O)(=O)C4=C3)C(C)C)=C12 |o1:13|,258.0,1.61,770.0,2.7,336.0
CNC(=O)CN1C=C(C2=CC3=C(N[C@H](C4=CC=C5CCCS(=O)(=O)C5=C4)C(C)C)N=CN=C3N2)C=N1 |o1:13|,92.0,0.396,111.0,2.4,323.0
CC(C)(C)[C@H](NC1=NC=NC2=C1C=C(C1=CN(CC(N)=O)N=C1)N2)C1=CC=C2OCCOC2=N1 |o1:4|,27.0,1.02,10.0,2.7,372.0
CC(C)[C@H](NC1=NC=NC2=C1C(C(=O)NC1CC1)=CN2)C1=CC=C2CCCS(=O)(=O)C2=C1 |o1:3|,409.0,2.97,1740.0,3.2,216.0
CC(C)[C@H](NC1=NC=NC2=C1C=C(C1=C(C#N)N(C)N=C1)N2)C1=CC=C2OCC(=O)NC2=N1 |o1:3|,51.0,9.64,189.0,3.7,28.0
CNC(=O)CN1C=C(C2=CC3=C(N[C@H](C4=CC=C5CCCS(=O)(=O)C5=C4)C(C)C)N=CN=C3N2)C=N1 |o1:13|,237.0,0.916,44.0,2.3,294.0
CC(C)[C@H](NC1=NC=NC2=C1C=C(C1=CN(C)N=C1)N2)C1=CC=C2CCNS(=O)(=O)C2=C1 |&1:3|,120.0,1.58,87.0,3.2,105.0
CC(C)[C@H](NC1=NC=NC2=C1C=C(C(=O)N[C@@H]1CCN(C)C1)N2)C1=CC=C2CCCS(=O)(=O)C2=C1 |o1:3|,3.0,0.707,3.0,1.4,366.0
CC(C)[C@H](NC1=NC=NC2=C1C=C(C(=O)N[C@@H]1CCN(C)C1)N2)C1=CC=C2CCCS(=O)(=O)C2=C1 |o1:3|,20.0,2.94,11.0,1.6,392.0
CC(C)[C@H](NC1=NC=NC2=C1C=C(C1=CC=C3N=NN(C)C3=C1)N2)C1=CC=C2CCCS(=O)(=O)C2=C1 |&1:3|,752.0,0.827,219.0,3.4,6.0
CC(C)[C@H](NC1=NC=NC2=C1C=C(C1=CN3C=NC=C3C=C1)N2)C1=CC=C2CCCS(=O)(=O)C2=C1 |&1:3|,210.0,0.56,170.0,4.0,14.0
CC(C)[C@H](NC1=NC=NC2=C1C=C(C1=C(C#N)N(C)N=C1)N2)C1=CC=C2OCC(=O)NC2=N1 |o1:3|,137.0,9.35,131.0,3.7,28.0
CC(C)(C)[C@H](NC1=NC=NC2=C1C=C(C1=CN(CC(N)=O)N=C1)N2)C1=CC=C2OCCOC2=N1 |o1:4|,42.0,1.53,30.0,2.9,390.0
CN1N=CC(C2=CC3=C(N[C@H](C4=CC=C5OCCOC5=N4)C(C)(C)C)N=CN=C3N2)=C1C#N |o1:10|,283.0,14.0,226.0,3.3,24.0
CNCC1=CC(C2=CC3=C(N[C@H](C4=CC=C5CCCS(=O)(=O)C5=C4)C(C)C)N=CN=C3N2)=CO1 |o1:11|,67.0,0.483,40.0,2.1,358.0
CNC(=O)C1=CC2=C(N[C@H](C3=CC=C4OCC(=O)NC4=C3)C(C)C)N=CN=C2N1 |o1:9|,175.0,1.21,33.0,2.9,380.0
C[C@H]1CN(C2=CN=CC3=CC=CC=C23)C(=O)[C@@]12CN(CC(=O)NCC1(F)CC1)C(=O)C1=CC=C(F)C=C12,122.0,2.4,486.0,1.7,
CCNC(=O)C1=CC2=C(N[C@H](C3=CC=C4CCNS(=O)(=O)C4=C3)C(C)C)N=CN=C2N1 |&1:10|,85.0,1.96,45.0,2.6,344.0
C[C@H]1CN(C2=CN=CC3=CC=CC=C23)C(=O)[C@@]12CN(CC(=O)NCC1CC1)C(=O)C1=CC=C(F)C=C12,293.0,2.7,832.0,1.9,370.0
CCNC(=O)CN1C[C@@]2(C(=O)N(C3=CN=CC4=CC=CC=C34)C[C@@H]2C)C2=CC(Cl)=CC=C2C1=O,80.0,2.1,397.0,1.8,377.0
CC(C)[C@@H](NC1=NC=NC2=C1C=C(C1=C(C#N)N(C)N=C1)N2)C1=CC=C2OCCOC2=C1,47.0,5.11,129.0,3.4,20.0
CN1C(=O)C2=CC=C(Cl)C=C2[C@]12CCCN(C1=CN=CC3=CC=CC=C13)C2=O |&1:11|,16.0,8.13,43.0,1.5,376.0
CC1=CC=CC=C1OCC(=O)NC1=CN=CC(C2=CN=C3NC=CC3=C2)=C1,113.0,2.06,,,6.0
CC(C)[C@H](NC1=NC=NC2=C1C=C(C1=C(C#N)N(C)N=C1)N2)C1=CC=C2OCCOC2=C1,706.0,5.56,257.0,3.3,15.0
CC(C)[C@H](NC1=NC=NC(N)=C1Cl)C1=CC=C2CCCS(=O)(=O)C2=C1 |&1:3|,79.0,10.1,204.0,2.4,
CN[C@H](C)CN1C[C@H](C(=O)NC2=CN=CC3=CC=CC=C23)C2=CC(Cl)=CC=C2C1=O |&1:7|,14.0,1.76,48.0,0.8,375.0
COC1=CC=C([C@H](NC(=O)C2=C3C=CNC3=NC=N2)C(C)C2=NN=NN2)C=C1 |&1:6|,2.0,1.13,1.0,0.0,
CNCC1=CC(C2=CC3=C(N[C@H](C4=CC=C5CCCS(=O)(=O)C5=C4)C(C)C)N=CN=C3N2)=CO1 |&1:11|,57.0,1.61,52.0,2.1,321.0
CC(C)[C@H](NC1=NC=NC2=C1C=C(C1=C(C#N)N(C)N=C1)N2)C1=CC=C2OCCOC2=N1 |o1:3|,17.0,13.7,81.0,3.7,53.0
CC(C)[C@H](NC1=NC=NC2=C1C=C(C1=C(C#N)N(C)N=C1)N2)C1=CC=C2OCCOC2=N1 |o1:3|,369.0,14.6,371.0,3.9,50.0
CNC(=O)CN1C=C(C2=CC3=C(N[C@H](C4=CC=C5CCCS(=O)(=O)C5=C4)C(C)C)N=CN=C3N2)C=N1 |&1:13|,94.0,0.47,77.0,2.4,306.0
CO[C@@H](C)CN1C[C@H](C(=O)NC2=CN=CC3=CC=CC=C23)C2=CC(Cl)=CC=C2C1=O |o1:7|,114.0,8.5,557.0,2.2,376.0
CCNC(=O)C1=CC2=C(N[C@H](C3=CC=C4CCCS(=O)(=O)C4=C3)C(C)C)N=CN=C2N1 |&1:10|,108.0,0.7,85.0,2.8,336.0
CNC(=O)C1=CC2=C(N[C@H](C3=CC=C4CCCS(=O)(=O)C4=C3)C(C)C)N=CN=C2N1 |&1:9|,77.0,0.46,46.0,2.4,369.0
CC(C)[C@H](NC1=NC=NC2=C1C=C(C1=CN(CC(N)=O)N=C1)N2)C1=CC=C2CCCS(=O)(=O)C2=C1 |&1:3|,116.0,0.32,61.0,1.9,341.0
CC(C)[C@H](NC1=NC=NC2=C1C=C(C1=CN(C)N=C1)N2)C1=CC=C2CCCS(=O)(=O)C2=C1 |&1:3|,141.0,1.73,155.0,3.3,94.0
CC(C)[C@H](NC1=NC=NC2=C1C=CN2)C1=CC=C2CCCS(=O)(=O)C2=C1 |o1:3|,21.0,3.55,55.0,2.5,386.0
CC(C)[C@H](NC1=NC=NC2=C1C=CN2)C1=CC=C2CCCS(=O)(=O)C2=C1 |o1:3|,57.0,5.5,207.0,2.7,374.0
CC(C)[C@H](NC1=NC=NC2=C1C=C(C1=CN(CC(=O)N(C)C)N=C1)N2)C1=CC=C2CCCS(=O)(=O)C2=C1 |&1:3|,106.0,0.67,68.0,2.1,38.0
CNC(=O)C1=CNC2=NC=NC(N[C@H](C3=CC=C4CCCS(=O)(=O)C4=C3)C(C)C)=C12 |&1:13|,131.0,2.23,192.0,2.5,390.0
CNC(=O)C1=CNC2=NC=NC(N[C@H](C3=CC=C4OCC(=O)NC4=C3)C(C)C)=C12 |&1:13|,86.0,4.26,113.0,3.2,28.0
CC(C)[C@H](NC1=NC=NC2=C1C=C(C1=C(C#N)N(C)N=C1)N2)C1=CC=C2CCCS(=O)(=O)C2=C1 |&1:3|,490.0,1.97,440.0,3.6,34.0
COCCNC(=O)C1=CNC2=NC=NC(N[C@H](C3=CC=C4CCCS(=O)(=O)C4=C3)C(C)C)=C12 |&1:16|,540.0,1.62,888.0,2.8,378.0
CC(C)(C)[C@H](NC1=NC=NC2=C1C=C(C1=CN(CC(N)=O)N=C1)N2)C1=CC=C2OCCOC2=N1 |&1:4|,36.0,0.822,31.0,2.7,48.0
CC(C)[C@H](NC1=NC=NC2=C1C(C(=O)NC1CC1)=CN2)C1=CC=C2CCCS(=O)(=O)C2=C1 |&1:3|,29.0,2.46,234.0,3.1,257.0
CN1N=CC(C2=CC3=C(N[C@H](C4=CC=C5OCCOC5=N4)C(C)(C)C)N=CN=C3N2)=C1C#N |&1:10|,81.0,13.5,209.0,2.7,24.0
CC(C)[C@H](NC1=NC=NC2=C1C=C(C1=C(C#N)N(C)N=C1)N2)C1=CC=C2OCC(=O)NC2=N1 |&1:3|,70.0,9.83,145.0,3.7,29.0
CC(C)[C@H](NC1=NC=NC2=C1C=C(C1=CN(CC(N)=O)N=C1)N2)C1=CC=C2OCCOC2=N1 |&1:3|,14.0,2.46,12.0,2.4,385.0
CC(C)[C@H](NC1=NC=NC2=C1C=C(C1=CN(CC(N)=O)N=C1)N2)C1=CC=C2OCC(=O)NC2=C1 |&1:3|,17.0,1.36,11.0,2.5,25.0
CNC(=O)CN1C=C(C2=CC3=C(N[C@H](C4=CC=C5OCCOC5=C4)C(C)C)N=CN=C3N2)C=N1 |&1:13|,119.0,1.94,47.0,2.9,289.0
CNC(=O)C1=CC2=C(N[C@H](C3=CC=C4OCC(=O)NC4=C3)C(C)C)N=CN=C2N1 |&1:9|,52.0,0.873,20.0,2.8,372.0
CC(C)[C@H](NC1=NC=NC2=C1C=C(C1=C(C#N)N(C)N=C1)N2)C1=CC=C2OCC(=O)NC2=C1 |&1:3|,100.0,3.07,177.0,4.1,69.0
CC(C)(C)[C@H](NC1=NC=NC2=C1C=C(C1=CN(CC(N)=O)N=C1)N2)C1=CC=C2OCCOC2=C1 |&1:4|,133.0,1.66,47.0,3.2,195.0
CC(C)[C@H](NC1=NC=NC2=C1C=C(C1=CN(CCC(N)=O)N=C1)N2)C1=CC=C2OCCOC2=C1 |&1:3|,99.0,1.46,62.0,3.0,236.0
CN1N=CC(C2=CC3=C(N[C@H](C4=CC=C5OCCOC5=C4)C(C)(C)C)N=CN=C3N2)=C1C#N |&1:10|,85.0,2.79,199.0,2.9,25.0
CC(C)[C@H](NC1=NC=NC2=C1C=C(C1=CN(CC(=O)N(C)C)N=C1)N2)C1=CC=C2OCCOC2=C1 |&1:3|,142.0,1.14,59.0,2.3,210.0
CC(C)[C@H](NC1=NC=NC2=C1C=CN2)C1=CC=C2OCC(=O)NC2=C1 |o1:3|,31.0,8.7,80.0,2.2,374.0
"C[C@H](C(=O)O)[C@H](NC(=O)C1=NC=NC2=C1C=CN2)C1=CC=C(Br)C=C1 |&1:1,&2:5|",5.0,1.4,4.0,0.5,386.0
CC(C)[C@H](NC1=NC=NC2=C1C=C(C1=CN(CC(N)=O)N=C1)N2)C1=CC=C2OCCOC2=C1 |o1:3|,238.0,1.87,42.0,2.9,332.0
CC(C)[C@H](NC1=NC=NC2=C1C=C(C1=CN(CC(N)=O)N=C1)N2)C1=CC=C2OCCOC2=C1 |o1:3|,47.0,1.09,16.0,2.9,280.0
CC(C)[C@H](NC1=NC=NC2=C1C=CN2)C1=CC=C2OCC(=O)NC2=C1 |o1:3|,10.0,3.4,37.0,1.8,371.0
CCNC(=O)C1=CC2=C(N[C@H](C3=CC=C4OCCOC4=C3)C(C)C)N=CN=C2N1 |&1:10|,85.0,2.41,88.0,3.0,72.0
CC(C)[C@H](NC1=NC=NC2=C1C=C(C1=C(C#N)N(C)N=C1)N2)C1=CC=C2OCCOC2=N1 |&1:3|,56.0,12.8,139.0,3.4,89.0
CC(C)[C@H](NC1=NC=NC2=C1C(C(N)=O)=CN2)C1=CC=C2OCCOC2=C1 |&1:3|,143.0,11.1,142.0,3.2,375.0
CNC(=O)C1=CNC2=NC=NC(N[C@H](C3=CC=C4OCCOC4=C3)C(C)C)=C12 |&1:13|,79.0,16.2,88.0,3.6,319.0
COC1=CC=C([C@H](CC2=NN=NN2)NC(=O)C2=NC=NC3=C2C=CN3)C=C1 |&1:6|,5.0,1.39,0.0,-0.1,395.0
CNC(=O)C1=CC2=C(N[C@H](C3=CC=C4OCCOC4=C3)C(C)C)N=CN=C2N1 |&1:9|,79.0,1.96,55.0,2.76,380.0
CC(C)[C@H](NC1=NC=NC2=C1C=CN2)C1=CC=C2CCCS(=O)(=O)C2=C1 |&1:3|,37.0,3.3,138.0,2.5,385.0
CC(C)[C@H](NC1=NC=NC2=C1C=C(C1=CN(CC(N)=O)N=C1)N2)C1=CC=C2OCCOC2=C1 |&1:3|,99.0,0.9,41.0,0.9,345.0
CC(C)[C@H](NC1=NC=NC2=C1C=CN2)C1=CC=C2OCCOC2=C1 |o1:3|,64.0,31.5,1680.0,3.0,374.0
CC(C)[C@H](NC1=NC=NC2=C1C=CN2)C1=CC=C2OCCOC2=N1 |&1:3|,31.0,20.7,170.0,2.8,391.0
CC(C)[C@H](NC1=NC=NC2=C1C=C(C1=C(C#N)N(C)N=C1)N2)C1=CC=C2OCCOC2=C1 |&1:3|,74.0,4.2,218.0,3.0,17.0
C[C@H]1CN(C2=CN=CC3=CC=CC=C23)C(=O)[C@@]12CN(CC(=O)NCC1=NN(C)C=C1)C(=O)C1=CC=C(Cl)C=C12,519.0,1.51,398.0,1.8,382.0
C[C@H]1CN(C2=CN=CC3=CC=CC=C23)C(=O)[C@@]12CN(CC(=O)NCC1=CC=NN1C)C(=O)C1=CC=C(Cl)C=C12,364.0,0.844,365.0,2.0,375.0
CC(C)NC[C@H](O)COC1=CC=C(CC(N)=O)C=C1 |&1:5|,,0.7,,,
C[C@H](C(=O)O)C1=CC=CC(C(=O)C2=CC=CC=C2)=C1 |&1:1|,,14.6,,,
"C=C[C@H]1CN2CC[C@H]1C[C@@H]2[C@@H](O)C1=CC=NC2=CC=C(OC)C=C12 |a:2,7,9,10|",,13.9,,,
C[C@H]1O[C@@H](O[C@H]2[C@@H](O)C[C@H](O[C@H]3[C@@H](O)C[C@H](O[C@H]4CC[C@@]5(C)[C@H](CC[C@@H]6[C@@H]5C[C@@H](O)[C@]5(C)[C@@H](C7=CC(=O)OC7)CC[C@]65O)C4)O[C@@H]3C)O[C@@H]2C)C[C@H](O)[C@@H]1O,,0.6,,,
"CNC(=O)CN1C[C@]2(C(=O)N(C3=CN=CC4=CC=CC=C34)C[C@H]2CC2CC2)C2=CC(Cl)=CC=C2C1=O |o1:7,22|",83.0,1.73,77.0,2.3,372.0
CNC(=O)CN1C[C@@]2(C(=O)N(C3=CN=CC4=CC=CC=C34)C[C@@H]2C)C2=CC(Cl)=CC=C2C1=O,23.0,2.7,75.0,1.94,378.0
"O=C(NC1=C2NC=C(C(=O)N[C@H]3C4=CC=CC=C4C[C@H]3C(=O)O)C2=CC=C1)NC1CC1 |&1:11,19|",6.0,1.8,4.0,-0.05,
COC1=CC=C([C@H](CC(=O)O)NC(=O)C2=NC=NC3=C2C=CN3)C=C1 |&1:6|,7.0,1.7,2.0,-0.38,
"CNC(=O)CN1C[C@]2(CCN(C3=CN=CC4=CC=C(OC[C@H](O)CN(C)C)C=C34)C2=O)C2=CC(Cl)=CC=C2C1=O |&1:7,&2:21|",8.0,1.4,2.0,0.19,383.0
CNC(=O)CN1C[C@@]2(C(=O)N(C3=CN=CC4=CC=CC=C34)C[C@@H]2C)C2=CC=CC=C2C1=O,3.0,1.1,17.0,0.7,391.0
COC1=CC=C2C(=C1)CCN(C1=NC=NC3=C1C=CN3)[C@H]2C(C)C |&1:20|,60.0,7.0,321.0,4.33,14.0
CC(C)[C@H](NC1=NC=NC2=C1C=CN2)C1=CC=C2OCCOC2=C1 |&1:3|,50.0,26.8,340.0,3.2,224.0
CC(C)[C@H](CO)NC1=NC=NC2=C1C=CN2,6.0,13.1,10.0,1.69,
CNC(=O)CN1C[C@@]2(C(=O)N(C3=CN=CC4=CC=CC=C34)C[C@@H]2C)C2=C(C=CC(F)=C2)C1=O,1.0,1.7,23.0,1.07,
C=CC(=O)NC1=CC=CC(N(CC2=CC=CC(Cl)=C2)C(=O)CC2=CN=CC3=CC=CC=C23)=C1,1070.0,8.0,2380.0,3.8,24.7
O=C(O)C[C@H](NC(=O)C1=NC=NC2=C1C=CN2)C1=CC=C(Br)C=C1 |&1:4|,6.0,2.6,1.0,0.22,
O=C(NC1=CC=CC=C1)NC1=CC=C(C(=O)NC2C3=C(CC2C(=O)O)C(O)=CC=C3)C=C1,9.0,0.7,2.0,0.12,319.0
C=CC(=O)N1CCCC2=CC=C(N(CC3=CC=CC(C(F)(F)F)=C3)C(=O)CC3=CN=CC4=CC=CC=C34)C=C21,614.0,,2150.0,,
C=CC(=O)N1CCCC2=CC=C(N(CC3=CC=CC(Cl)=C3)C(=O)CC3=CN=CC4=C(F)C=CC=C34)C=C21,752.0,,1920.0,,
C=CC(=O)N1CCCC2=CC=C(N(C(=O)CC3=CN=CC4=CC=CC=C34)N(C)C3=CC=CC(Cl)=C3)C=C21,1380.0,,1760.0,,
CN(C)CCCN1C2=CC=CC=C2CCC2=CC=CC=C21,,,169.0,,
CC(C)NC[C@H](O)COC1=CC=CC2=CC=CC=C12 |&1:5|,25.5,,63.0,,
O=C(O)CC1=CC=CC=C1NC1=C(Cl)C=CC=C1Cl,216.0,,386.0,,
NCC1=CC(Cl)=CC(C(=O)NC2=CC=C3CNCC3=C2)=C1,,,,2.0,
COC(=O)NC1=NC2=CC=C(C(=O)C3=CC=CC=C3)C=C2N1,,,,2.9,
CC1=NC=CN1C[C@H]1CCC2=C(C1=O)C1=CC=CC=C1N2C |&1:7|,,,,,127.0
